id;label
117873;1
116949;1
117525;1
117445;1
116938;1
117568;1
116861;1
117263;1
149810;1
111130;1
122954;1
117478;1
116922;1
116792;1
117895;1
117367;1
117152;1
117238;1
117680;1
116831;1
118075;1
121460;1
57675;1
149910;1
151019;1
117266;1
117544;1
136414;1
136162;1
144996;1
151362;1
134704;1
151267;1
135376;1
150023;1
56488;1
57059;1
144348;1
151241;1
135135;1
57842;1
117716;1
57687;1
136499;1
151666;1
135615;1
117191;1
151560;1
143352;1
143504;1
151699;1
151623;1
151753;1
135487;1
39964;1
135067;1
145002;1
134796;1
151567;1
151782;1
134809;1
151029;1
144521;1
136287;1
149696;1
56778;1
143660;1
151145;1
135296;1
135442;1
134937;1
136726;1
136723;1
40108;1
134645;1
135110;1
135648;1
117063;1
117198;1
136019;1
135708;1
57291;1
144041;1
136448;1
150047;1
151498;1
144324;1
150061;1
144181;1
40876;1
117835;1
151278;1
150243;1
150410;1
57231;1
150919;1
57798;1
121384;1
150486;1
150657;1
151650;1
151724;1
40245;1
151463;1
144359;1
149832;1
143766;1
135143;1
149465;1
40488;1
136433;1
150895;1
150470;1
58074;1
151199;1
151452;1
134621;1
144364;1
150813;1
149951;1
56439;1
149658;1
56889;1
149862;1
117443;1
148724;1
58113;1
117299;1
117451;1
150447;1
117046;1
144718;1
118069;1
144019;1
149668;1
149940;1
56718;1
148899;1
151617;1
149626;1
117386;1
117837;1
149584;1
149894;1
149858;1
149826;1
151647;1
149447;1
151640;1
151418;1
40076;1
111383;1
149663;1
57700;1
149880;1
40325;1
40674;1
39713;1
56520;1
56632;1
150905;1
151069;1
151347;1
151637;1
151744;1
151589;1
151768;1
151646;1
149774;1
151691;1
136947;1
151776;1
151337;1
150220;1
150446;1
111994;1
148834;1
150661;1
136114;1
150213;1
150947;1
57649;1
136383;1
151173;1
136862;1
136520;1
151698;1
143584;1
144910;1
150908;1
135575;1
150581;1
150620;1
150206;1
135638;1
117954;1
151206;1
40359;1
151180;1
58041;1
60437;1
60407;1
60434;1
60457;1
150833;1
39623;1
117450;1
103254;1
134124;1
6654;1
103304;1
94659;1
150790;1
103586;1
104310;1
83680;1
112443;1
52462;1
91491;1
148272;1
96111;1
73892;1
90863;1
97654;1
119595;1
94999;1
14931;1
22421;1
36441;1
38780;1
27290;1
79695;1
79246;1
85416;1
79485;1
25023;1
27597;1
24262;1
98769;1
38773;1
21111;1
27205;1
24673;1
28922;1
26145;1
74628;1
35915;1
28600;1
24142;1
36240;1
36693;1
35571;1
31077;1
21132;1
38205;1
17976;1
110024;1
35058;1
16502;1
14559;1
33941;1
29970;1
35093;1
36268;1
14101;1
36380;1
13270;1
13802;1
33728;1
13179;1
34426;1
36967;1
22758;1
17914;1
34106;1
37149;1
36475;1
17014;1
30248;1
34350;1
36584;1
34775;1
52695;1
38586;1
22935;1
33543;1
22323;1
18717;1
34723;1
33449;1
34037;1
22352;1
13436;1
13406;1
34645;1
33423;1
22864;1
33403;1
126718;1
34297;1
31008;1
71545;1
33355;1
14697;1
36984;1
36371;1
149498;1
149743;1
135583;1
5145;1
149460;1
135516;1
114742;1
115657;1
1237;1
120096;1
148892;1
102368;1
90108;1
97061;1
89200;1
134370;1
115169;1
53711;1
115290;1
82858;1
73557;1
5100;1
103953;1
116013;1
96325;1
139124;1
86309;1
76042;1
87937;1
47177;1
70698;1
45086;1
2994;1
705;1
146228;1
46444;1
90909;1
140555;1
137661;1
3356;1
140682;1
43290;1
58237;1
42481;1
109169;1
149593;1
114447;1
1354;1
122190;1
141622;1
125239;1
54178;1
43228;1
90920;1
148038;1
124868;1
55289;1
112555;1
6037;1
137798;1
89860;1
119313;1
110915;1
77292;1
89845;1
107137;1
104721;1
110686;1
11303;1
9476;1
140861;1
2559;1
113695;1
3538;1
60296;1
5379;1
119425;1
126182;1
59280;1
105507;1
109128;1
8381;1
4795;1
40386;1
55672;1
71892;1
148586;1
134637;1
77813;1
150064;1
41895;1
95977;1
118919;1
135360;1
89898;1
52729;1
95356;1
55445;1
119070;1
99057;1
43557;1
2784;1
113611;1
111222;1
7256;1
130748;1
141738;1
141271;1
105968;1
150868;1
88588;1
118373;1
123797;1
126373;1
42803;1
955;1
136966;1
113367;1
22768;1
39590;1
22744;1
22655;1
15283;1
14486;1
14532;1
16521;1
78315;1
121458;1
79240;1
25471;1
120569;1
14530;1
17424;1
39797;1
22929;1
22830;1
27347;1
27248;1
64900;1
51536;1
20215;1
38753;1
19622;1
116930;1
36385;1
14908;1
19974;1
17849;1
30887;1
17774;1
30855;1
18371;1
30854;1
30851;1
36930;1
14893;1
15184;1
14904;1
15187;1
30679;1
19809;1
36908;1
26682;1
22339;1
17854;1
15186;1
30660;1
22344;1
22337;1
30667;1
17850;1
19973;1
26508;1
36562;1
36945;1
15177;1
19954;1
19817;1
36559;1
26504;1
22334;1
36956;1
26500;1
19957;1
25546;1
36959;1
22331;1
30866;1
22327;1
36964;1
14870;1
115790;1
30877;1
19971;1
30857;1
14891;1
30674;1
36567;1
19810;1
30871;1
30672;1
19819;1
19952;1
30664;1
25495;1
14873;1
30779;1
30684;1
19915;1
25523;1
30797;1
36701;1
30803;1
17826;1
15070;1
15073;1
17827;1
22345;1
26554;1
26609;1
36784;1
30808;1
36785;1
18800;1
30814;1
14985;1
36818;1
26615;1
14973;1
19868;1
30795;1
30794;1
36766;1
19895;1
17819;1
15034;1
15041;1
30775;1
17821;1
30769;1
36734;1
26575;1
36733;1
30790;1
17824;1
26591;1
15025;1
17815;1
15050;1
26597;1
30792;1
25519;1
26598;1
36712;1
17798;1
30740;1
36598;1
19862;1
30703;1
17498;1
26537;1
26536;1
26649;1
30826;1
17843;1
14928;1
30781;1
30698;1
25539;1
30833;1
36870;1
17845;1
30694;1
30689;1
17846;1
18446;1
19940;1
19827;1
19942;1
26646;1
26645;1
26644;1
25534;1
15094;1
17797;1
19860;1
18625;1
30735;1
14957;1
36683;1
26541;1
30822;1
36680;1
30704;1
18445;1
36839;1
15103;1
18808;1
25506;1
36848;1
30730;1
30718;1
26642;1
14924;1
36178;1
36550;1
30362;1
30363;1
26986;1
26985;1
30364;1
36089;1
22731;1
30367;1
25430;1
36090;1
36098;1
30372;1
26973;1
30376;1
22719;1
26970;1
19580;1
15679;1
18769;1
30353;1
18766;1
26994;1
27027;1
15774;1
27024;1
30322;1
30329;1
30332;1
18768;1
30335;1
30337;1
22753;1
22750;1
22748;1
15733;1
15732;1
30347;1
26997;1
18462;1
30383;1
22711;1
36118;1
22708;1
22675;1
22673;1
36174;1
36176;1
22659;1
30413;1
15563;1
22656;1
26934;1
36193;1
19612;1
18458;1
22647;1
22646;1
22645;1
36198;1
26928;1
15589;1
22678;1
36161;1
30392;1
36124;1
15663;1
36125;1
15656;1
15650;1
30387;1
25436;1
26960;1
30399;1
36144;1
19596;1
15623;1
15620;1
30393;1
15612;1
22682;1
27028;1
18358;1
19621;1
17927;1
35979;1
35983;1
35984;1
30217;1
30221;1
30223;1
18596;1
27109;1
35990;1
17923;1
27106;1
15874;1
30236;1
30239;1
27098;1
27096;1
27094;1
15890;1
15894;1
30307;1
22847;1
27147;1
27146;1
15936;1
15934;1
15921;1
30185;1
30188;1
30190;1
22860;1
22858;1
35965;1
22855;1
17928;1
30199;1
27128;1
15900;1
19541;1
30242;1
18597;1
15864;1
27089;1
27061;1
30276;1
22793;1
30288;1
36049;1
30295;1
15797;1
30300;1
15794;1
27042;1
30302;1
27039;1
30304;1
27036;1
15787;1
17917;1
15779;1
15824;1
22802;1
18357;1
27080;1
19547;1
27087;1
22821;1
22818;1
36018;1
36019;1
30250;1
22811;1
22803;1
36022;1
27076;1
30253;1
30255;1
19549;1
30259;1
36035;1
26926;1
15536;1
17855;1
15317;1
36390;1
26781;1
30578;1
30581;1
22459;1
15309;1
19746;1
36406;1
30594;1
36412;1
26763;1
26762;1
30598;1
17870;1
30600;1
30607;1
15276;1
22466;1
26785;1
17882;1
15322;1
30533;1
25466;1
30537;1
19728;1
26810;1
15335;1
26808;1
22486;1
19731;1
30543;1
22483;1
15331;1
19977;1
30556;1
36374;1
30562;1
15327;1
30613;1
30616;1
26743;1
26742;1
36493;1
15222;1
26715;1
19783;1
30641;1
26710;1
26707;1
22372;1
36503;1
19794;1
30651;1
26700;1
36510;1
26698;1
18447;1
30655;1
26694;1
22382;1
15228;1
26718;1
36452;1
36438;1
26739;1
26737;1
22414;1
36449;1
19768;1
36451;1
22407;1
26721;1
19771;1
36467;1
26728;1
15240;1
19776;1
19778;1
30632;1
19726;1
15350;1
19627;1
36253;1
19651;1
26892;1
22580;1
19657;1
19668;1
30469;1
30471;1
36269;1
26875;1
36273;1
22562;1
26873;1
15441;1
18366;1
30478;1
19673;1
22561;1
18770;1
19648;1
30523;1
71070;1
30430;1
17898;1
22630;1
22629;1
22626;1
26909;1
22617;1
22607;1
15499;1
25446;1
19642;1
15488;1
26899;1
15484;1
26897;1
26896;1
30454;1
22559;1
15437;1
15434;1
26864;1
36314;1
26841;1
19702;1
18775;1
15386;1
22526;1
15381;1
25462;1
19708;1
30513;1
26833;1
25465;1
15363;1
22514;1
36329;1
36331;1
22511;1
18454;1
19696;1
19695;1
26859;1
26863;1
30490;1
15432;1
19675;1
19677;1
22552;1
19681;1
19682;1
15404;1
19685;1
30491;1
26854;1
19689;1
22538;1
36312;1
30500;1
30553;1
14708;1
30889;1
21129;1
31534;1
38164;1
20482;1
25882;1
25879;1
14020;1
12999;1
18880;1
25868;1
38182;1
38185;1
38778;1
13017;1
25862;1
38191;1
31566;1
18406;1
21133;1
31576;1
38787;1
38146;1
38145;1
38118;1
20456;1
20457;1
31509;1
38810;1
38114;1
20461;1
38115;1
14046;1
20465;1
38136;1
38807;1
14039;1
25898;1
20468;1
18408;1
31518;1
38796;1
20476;1
31577;1
25853;1
20331;1
20495;1
20524;1
38754;1
13077;1
38752;1
13949;1
38251;1
20534;1
20535;1
38744;1
38743;1
21080;1
38256;1
20542;1
38260;1
20543;1
21069;1
13915;1
20551;1
18399;1
13075;1
38244;1
20522;1
20503;1
13033;1
25851;1
21128;1
21127;1
38777;1
18898;1
21123;1
38201;1
20504;1
31739;1
38769;1
25731;1
25842;1
20511;1
18897;1
13962;1
13060;1
13064;1
25909;1
38110;1
12915;1
12911;1
37959;1
25989;1
31419;1
20359;1
31421;1
17598;1
14195;1
17596;1
31426;1
25978;1
25977;1
31427;1
18394;1
12775;1
37973;1
37982;1
37984;1
20401;1
14140;1
37958;1
31414;1
14206;1
25705;1
37912;1
20334;1
37915;1
20339;1
37918;1
14228;1
12700;1
20345;1
31780;1
20353;1
37936;1
31777;1
20349;1
37940;1
37952;1
37955;1
12733;1
12741;1
20403;1
12798;1
37995;1
20435;1
25935;1
25934;1
20428;1
38067;1
38069;1
31470;1
38084;1
14089;1
24638;1
31753;1
25922;1
12890;1
38095;1
38097;1
38102;1
31499;1
17587;1
31746;1
31465;1
14100;1
38018;1
12836;1
31758;1
14126;1
31756;1
25956;1
38024;1
20416;1
38029;1
25953;1
12847;1
12861;1
14114;1
25949;1
38049;1
38058;1
12856;1
12857;1
38062;1
38064;1
18396;1
38732;1
25820;1
38604;1
20944;1
20937;1
20750;1
20757;1
13324;1
38577;1
38424;1
38562;1
20927;1
38559;1
20771;1
20773;1
13565;1
20774;1
38550;1
20779;1
38547;1
13553;1
38432;1
20746;1
17571;1
38410;1
13287;1
13649;1
13280;1
20970;1
38601;1
20969;1
38600;1
38596;1
38393;1
20964;1
25793;1
20962;1
38589;1
38396;1
13295;1
13297;1
13618;1
20957;1
20952;1
38437;1
38441;1
20785;1
20849;1
31690;1
20835;1
20838;1
20882;1
17567;1
20841;1
20842;1
13394;1
20850;1
20827;1
38491;1
20853;1
20875;1
38473;1
17563;1
31680;1
25778;1
20865;1
20828;1
38519;1
20787;1
20804;1
38446;1
20912;1
18889;1
38447;1
38535;1
20796;1
20898;1
38532;1
38531;1
20821;1
38527;1
20810;1
31675;1
38465;1
20889;1
38523;1
20814;1
13379;1
13656;1
38613;1
13116;1
13665;1
38703;1
18893;1
38702;1
38699;1
25812;1
20601;1
38696;1
38694;1
38686;1
13172;1
13810;1
38684;1
13808;1
13176;1
20618;1
20620;1
20625;1
38673;1
38666;1
38707;1
38708;1
38285;1
21054;1
38729;1
13119;1
13895;1
38270;1
13134;1
13136;1
13881;1
13144;1
38720;1
25816;1
21053;1
38281;1
13868;1
20582;1
21048;1
20586;1
38711;1
13853;1
31636;1
38319;1
21022;1
20690;1
38367;1
38636;1
20674;1
20675;1
38369;1
38632;1
20684;1
38378;1
20691;1
20666;1
20979;1
38622;1
38621;1
20978;1
25761;1
38614;1
31649;1
20706;1
13242;1
31716;1
21018;1
38333;1
38655;1
20643;1
31638;1
38325;1
38654;1
38327;1
38651;1
20650;1
21004;1
38647;1
13749;1
38650;1
38352;1
38648;1
21000;1
20654;1
20999;1
38360;1
37910;1
26014;1
25552;1
18837;1
31104;1
25599;1
26301;1
31107;1
26298;1
26296;1
20083;1
26291;1
14637;1
14634;1
20090;1
31128;1
37339;1
14627;1
37343;1
31140;1
31142;1
37355;1
31145;1
14643;1
26309;1
18388;1
31064;1
25588;1
37262;1
18829;1
20066;1
14667;1
26337;1
37269;1
37271;1
37282;1
20082;1
26331;1
26328;1
31080;1
20079;1
26322;1
26321;1
31088;1
31090;1
26269;1
18838;1
12666;1
14606;1
25619;1
31200;1
37462;1
26214;1
37474;1
25620;1
31204;1
26206;1
31862;1
120335;1
17679;1
37505;1
26200;1
20144;1
26197;1
20149;1
17678;1
25625;1
26193;1
20123;1
26225;1
37453;1
17687;1
17698;1
17512;1
18840;1
31878;1
17513;1
20108;1
37420;1
14581;1
14580;1
37444;1
20111;1
20113;1
25613;1
26238;1
31168;1
31174;1
14569;1
31182;1
37250;1
26349;1
37240;1
119262;1
30928;1
26444;1
14815;1
30929;1
37069;1
14807;1
26436;1
18606;1
30935;1
14802;1
14799;1
30938;1
18819;1
20006;1
20008;1
30941;1
18383;1
25572;1
20014;1
30927;1
37063;1
37056;1
18814;1
19983;1
25556;1
17502;1
30898;1
30899;1
37016;1
37017;1
25560;1
19989;1
37055;1
30907;1
30908;1
19993;1
37041;1
30917;1
30918;1
30923;1
14820;1
30945;1
37103;1
20019;1
15938;1
25581;1
14721;1
31005;1
20049;1
31006;1
26369;1
14714;1
14713;1
18825;1
26379;1
37219;1
31022;1
17509;1
18429;1
26359;1
18387;1
31035;1
14683;1
14724;1
26381;1
18623;1
20028;1
37111;1
37114;1
14773;1
20022;1
14770;1
20023;1
17746;1
37130;1
30966;1
37195;1
26401;1
30978;1
18431;1
26394;1
26388;1
25579;1
14732;1
31004;1
37522;1
37528;1
31221;1
14380;1
37795;1
12479;1
12483;1
14345;1
37807;1
14341;1
31335;1
20270;1
37809;1
20272;1
26062;1
31812;1
12495;1
14331;1
12496;1
20283;1
20285;1
37823;1
37828;1
14350;1
14351;1
20261;1
20249;1
26085;1
37756;1
25669;1
37761;1
37768;1
26082;1
31326;1
12435;1
25676;1
20260;1
37779;1
12446;1
14360;1
12448;1
37781;1
26072;1
26071;1
26070;1
31347;1
31353;1
20288;1
12634;1
37877;1
17529;1
28556;1
12614;1
31374;1
26025;1
31375;1
37901;1
18414;1
25692;1
31378;1
14267;1
25695;1
14262;1
14258;1
12658;1
14251;1
12663;1
37873;1
12585;1
18870;1
20295;1
25686;1
31355;1
31357;1
37843;1
37844;1
12538;1
25688;1
20293;1
12539;1
20306;1
37850;1
37859;1
26039;1
17528;1
14296;1
14294;1
12573;1
14291;1
37753;1
37751;1
37532;1
31821;1
14492;1
37591;1
26159;1
37595;1
25641;1
26152;1
37605;1
14479;1
31255;1
31260;1
17655;1
18858;1
31261;1
20191;1
26143;1
20197;1
18861;1
14450;1
37627;1
37583;1
26163;1
26165;1
20161;1
14522;1
37542;1
14516;1
37548;1
31847;1
31229;1
26180;1
20160;1
31846;1
18852;1
37566;1
17673;1
37568;1
25638;1
20167;1
20168;1
26168;1
17670;1
31264;1
20199;1
20200;1
37726;1
14402;1
37698;1
37701;1
26109;1
31297;1
26106;1
37724;1
31300;1
37730;1
31828;1
20235;1
31306;1
37739;1
12406;1
18905;1
20241;1
37740;1
12409;1
31825;1
31829;1
31266;1
37676;1
14441;1
37635;1
26134;1
25651;1
20217;1
37675;1
20219;1
31277;1
37677;1
25657;1
12307;1
26123;1
31285;1
31286;1
12314;1
12333;1
37690;1
37691;1
22865;1
38486;1
18093;1
35225;1
28794;1
29691;1
25216;1
17118;1
29689;1
27594;1
24821;1
18034;1
28802;1
29688;1
29320;1
19043;1
29686;1
16705;1
24290;1
28324;1
35211;1
35206;1
35205;1
29680;1
24288;1
16874;1
25208;1
28321;1
18203;1
29043;1
33920;1
29692;1
27587;1
29640;1
19344;1
18205;1
18633;1
28109;1
35248;1
28789;1
24300;1
29711;1
35242;1
27575;1
35239;1
16387;1
29314;1
17123;1
27578;1
18564;1
27580;1
29703;1
19040;1
29701;1
29054;1
28113;1
35231;1
24945;1
25220;1
28333;1
25219;1
19345;1
16425;1
33921;1
29665;1
27615;1
19153;1
27886;1
27630;1
29037;1
28127;1
33961;1
28296;1
17078;1
16442;1
24082;1
35139;1
35138;1
33964;1
25191;1
35137;1
17074;1
17073;1
19066;1
16456;1
25066;1
19324;1
19068;1
24250;1
18934;1
16691;1
28130;1
28852;1
24081;1
27887;1
16434;1
28825;1
35178;1
18509;1
17398;1
35169;1
35167;1
33931;1
24277;1
34678;1
24275;1
19050;1
33938;1
18202;1
28305;1
25064;1
28125;1
33954;1
28833;1
35155;1
17087;1
28839;1
18709;1
16430;1
16431;1
17085;1
27626;1
18102;1
24812;1
35265;1
35269;1
29756;1
33863;1
28101;1
34247;1
28748;1
16306;1
18211;1
27505;1
17152;1
27918;1
18682;1
16866;1
25049;1
29782;1
25259;1
18581;1
34238;1
29770;1
29768;1
18208;1
34641;1
16716;1
25051;1
29761;1
18579;1
16319;1
18015;1
19372;1
28376;1
18563;1
27502;1
19161;1
35456;1
34634;1
25276;1
27485;1
18582;1
29284;1
19220;1
24357;1
27920;1
29793;1
35430;1
25267;1
19026;1
34638;1
28740;1
18007;1
19384;1
17397;1
18562;1
24787;1
24789;1
35398;1
35386;1
34776;1
18738;1
18010;1
25256;1
18207;1
24811;1
35336;1
25244;1
34647;1
35308;1
35298;1
24314;1
24313;1
29743;1
27546;1
24806;1
35293;1
18027;1
24307;1
19359;1
25234;1
27901;1
29731;1
29297;1
25056;1
17134;1
24809;1
17131;1
24306;1
29726;1
28784;1
85970;1
35273;1
27898;1
28351;1
28352;1
19035;1
29295;1
27527;1
33875;1
18543;1
27910;1
28367;1
16340;1
29747;1
24802;1
34644;1
29293;1
16342;1
19032;1
19034;1
35319;1
28767;1
17141;1
18019;1
28358;1
28107;1
24319;1
27537;1
29296;1
27538;1
25248;1
28770;1
28773;1
25186;1
29637;1
35461;1
34884;1
34751;1
18091;1
27778;1
18192;1
29385;1
19278;1
16600;1
34066;1
34068;1
18078;1
19276;1
29450;1
27787;1
29448;1
29446;1
34874;1
24180;1
29443;1
24895;1
27794;1
34071;1
28210;1
29387;1
25119;1
16958;1
28946;1
28162;1
27775;1
27773;1
18044;1
16905;1
34961;1
24197;1
24884;1
27749;1
28228;1
29006;1
19284;1
18071;1
25133;1
24194;1
34930;1
28998;1
29495;1
18092;1
27760;1
29384;1
28225;1
29492;1
34052;1
29490;1
24117;1
19105;1
28221;1
34903;1
25127;1
28936;1
29470;1
16664;1
18577;1
24167;1
28956;1
19124;1
18261;1
16941;1
29415;1
28182;1
19125;1
16635;1
25101;1
16637;1
18263;1
18676;1
27820;1
19131;1
16646;1
27823;1
16913;1
18929;1
29409;1
28990;1
25095;1
18534;1
18182;1
28994;1
34789;1
34783;1
19251;1
29404;1
34117;1
28974;1
25093;1
24120;1
27800;1
28163;1
24897;1
28199;1
27802;1
29433;1
19271;1
34757;1
34096;1
16663;1
34866;1
16953;1
28968;1
28164;1
27844;1
34105;1
34109;1
24906;1
29424;1
28970;1
29391;1
18719;1
18083;1
34772;1
16947;1
34828;1
27747;1
34172;1
18292;1
24102;1
35099;1
18567;1
18266;1
18051;1
24861;1
33993;1
29350;1
27682;1
34191;1
34190;1
29361;1
28888;1
18055;1
16497;1
18057;1
25173;1
29561;1
16892;1
35078;1
19310;1
28263;1
24227;1
19077;1
16515;1
29556;1
24226;1
34001;1
35100;1
17047;1
24087;1
33972;1
19071;1
29632;1
24245;1
24244;1
27651;1
29629;1
35118;1
16882;1
35117;1
29619;1
17060;1
29612;1
25182;1
24937;1
17059;1
29606;1
24237;1
34698;1
28276;1
19230;1
17052;1
27676;1
28869;1
24856;1
27678;1
35101;1
18175;1
25074;1
28917;1
17035;1
29528;1
16900;1
24212;1
19090;1
25079;1
35009;1
28907;1
24210;1
24209;1
34998;1
28908;1
29514;1
28242;1
18933;1
28240;1
34974;1
76048;1
18673;1
29011;1
16999;1
34970;1
24108;1
34963;1
18723;1
18193;1
16992;1
29509;1
27727;1
28249;1
35011;1
27707;1
34015;1
24217;1
24870;1
28147;1
24216;1
16525;1
28255;1
35040;1
18511;1
19083;1
19296;1
29541;1
28899;1
19292;1
19084;1
19085;1
29540;1
25155;1
24215;1
28250;1
27715;1
15942;1
29537;1
35013;1
19293;1
27723;1
19392;1
16722;1
18089;1
30133;1
18525;1
22912;1
24702;1
29224;1
18971;1
27320;1
33614;1
19468;1
19519;1
29993;1
25364;1
24518;1
17957;1
18128;1
29107;1
35669;1
16109;1
16775;1
24508;1
29105;1
33622;1
28542;1
19466;1
29983;1
16096;1
27192;1
25015;1
35681;1
17289;1
34425;1
35730;1
34523;1
27304;1
33570;1
34527;1
17960;1
18222;1
16781;1
17287;1
35707;1
22915;1
16089;1
27309;1
33588;1
35691;1
17962;1
24696;1
27313;1
34384;1
35879;1
35683;1
29800;1
18226;1
28486;1
28472;1
27348;1
35625;1
35897;1
25027;1
29098;1
17254;1
35620;1
28066;1
35611;1
27966;1
35600;1
27186;1
34343;1
17972;1
22905;1
16138;1
24719;1
15998;1
24607;1
16141;1
16144;1
33639;1
28623;1
25349;1
28619;1
24502;1
35632;1
16830;1
27190;1
16773;1
19464;1
27334;1
27335;1
35892;1
16114;1
24500;1
35643;1
28480;1
29973;1
35641;1
24498;1
28063;1
19196;1
19521;1
30134;1
28616;1
18945;1
28617;1
34366;1
35633;1
28500;1
28504;1
24475;1
22938;1
33474;1
17342;1
18135;1
35827;1
35817;1
16823;1
17951;1
16042;1
28587;1
35801;1
19181;1
22936;1
35746;1
30081;1
29207;1
27242;1
30079;1
27245;1
35794;1
27250;1
33361;1
27252;1
24681;1
17313;1
35859;1
28586;1
27213;1
18947;1
25008;1
27217;1
19503;1
18953;1
28003;1
17417;1
27219;1
24609;1
18754;1
25009;1
30103;1
19497;1
19505;1
28000;1
29205;1
30094;1
27226;1
30092;1
17324;1
30107;1
34415;1
34414;1
35828;1
30067;1
29209;1
25397;1
30042;1
34401;1
17956;1
25006;1
16827;1
30040;1
27282;1
16062;1
34509;1
28039;1
27196;1
28596;1
24556;1
18224;1
24550;1
27289;1
34510;1
18482;1
27296;1
30016;1
19482;1
18665;1
28569;1
28505;1
30041;1
18149;1
30065;1
27275;1
27260;1
17953;1
17309;1
28590;1
35783;1
18963;1
30055;1
35868;1
28574;1
33514;1
29195;1
27268;1
24668;1
27270;1
24683;1
30127;1
35780;1
35776;1
19512;1
18132;1
35769;1
35761;1
25384;1
29096;1
34467;1
25412;1
19415;1
35507;1
33757;1
16226;1
33444;1
16227;1
29262;1
16231;1
29850;1
17369;1
18691;1
27440;1
19214;1
16731;1
28706;1
29071;1
19408;1
18240;1
27936;1
29169;1
24961;1
28412;1
17997;1
22873;1
28693;1
24761;1
18742;1
29858;1
16204;1
29073;1
29865;1
17368;1
19206;1
18591;1
27423;1
29864;1
28684;1
35531;1
16209;1
18291;1
24409;1
28088;1
17203;1
28426;1
34289;1
19166;1
33752;1
35513;1
27429;1
25304;1
16740;1
16804;1
24765;1
29866;1
24375;1
35473;1
29815;1
27466;1
27157;1
34628;1
28399;1
33811;1
34449;1
24646;1
28025;1
16258;1
29276;1
28552;1
29807;1
19398;1
16261;1
29277;1
28724;1
16807;1
28726;1
18109;1
16266;1
29804;1
28400;1
27927;1
25294;1
28404;1
27447;1
33772;1
27932;1
24771;1
29841;1
35951;1
17184;1
35491;1
18684;1
35483;1
27930;1
18272;1
16857;1
28407;1
27455;1
29828;1
16252;1
33429;1
29822;1
17380;1
35475;1
24379;1
17177;1
16202;1
35537;1
27417;1
19198;1
18996;1
33675;1
29917;1
17978;1
24658;1
35568;1
35914;1
30150;1
19446;1
28450;1
29180;1
29235;1
25327;1
33398;1
29901;1
29074;1
27170;1
18589;1
19442;1
16171;1
24433;1
34455;1
29920;1
29153;1
28077;1
28461;1
29942;1
28631;1
30143;1
24473;1
22904;1
34323;1
28634;1
24463;1
28074;1
16152;1
16812;1
18995;1
35577;1
28033;1
29930;1
18234;1
22898;1
33665;1
17236;1
33455;1
29929;1
27960;1
28664;1
33466;1
28445;1
24423;1
22880;1
27401;1
34575;1
24420;1
27403;1
27404;1
29870;1
29241;1
18631;1
16756;1
28676;1
18334;1
35549;1
19422;1
29871;1
25315;1
29874;1
25320;1
28030;1
16198;1
29887;1
18593;1
15973;1
19201;1
24623;1
29889;1
17984;1
34300;1
22886;1
17366;1
24969;1
28681;1
18547;1
15975;1
19528;1
24739;1
19999;1
19400;1
18879;1
13910;1
13236;1
36404;1
13022;1
12901;1
18075;1
37493;1
12977;1
19061;1
13781;1
13592;1
12624;1
13469;1
14372;1
13339;1
13583;1
36599;1
37578;1
24125;1
37563;1
25637;1
18179;1
18688;1
25639;1
18143;1
12493;1
18690;1
37815;1
37821;1
34165;1
17633;1
18147;1
17645;1
24967;1
17630;1
34298;1
34309;1
34232;1
37665;1
37660;1
18278;1
24073;1
37653;1
31822;1
34294;1
12408;1
34223;1
37642;1
31838;1
34310;1
34222;1
18863;1
37640;1
18621;1
17647;1
12402;1
37685;1
34423;1
24949;1
37718;1
12384;1
34252;1
18271;1
12385;1
17632;1
18269;1
17635;1
12364;1
24955;1
12398;1
12306;1
18275;1
37734;1
37694;1
31831;1
37736;1
34235;1
18276;1
24964;1
25655;1
34290;1
18172;1
37634;1
34327;1
18177;1
18151;1
24103;1
18866;1
34183;1
12462;1
37603;1
37602;1
18854;1
37792;1
37597;1
34408;1
18268;1
37800;1
34410;1
17620;1
17664;1
31813;1
12485;1
18654;1
25680;1
34166;1
37587;1
17623;1
18152;1
34187;1
37607;1
18159;1
37633;1
37760;1
18156;1
37770;1
17649;1
37620;1
17651;1
25643;1
37774;1
18267;1
25674;1
34381;1
24085;1
17626;1
18857;1
17657;1
17625;1
37609;1
18856;1
37782;1
34368;1
33913;1
37835;1
13198;1
38341;1
33667;1
33674;1
13212;1
33703;1
33713;1
24437;1
21017;1
18233;1
33723;1
31721;1
13187;1
18236;1
21030;1
21033;1
24427;1
24459;1
38356;1
21068;1
38374;1
24712;1
18667;1
33624;1
33627;1
18230;1
20982;1
20983;1
20987;1
33645;1
20988;1
24487;1
18218;1
33635;1
31712;1
33640;1
38362;1
24744;1
18217;1
33735;1
33783;1
18239;1
21049;1
38282;1
13154;1
13153;1
21051;1
24768;1
21056;1
33737;1
24772;1
31728;1
38278;1
21060;1
38276;1
13118;1
38265;1
33766;1
33759;1
38284;1
18238;1
21036;1
33739;1
21038;1
13170;1
33740;1
24413;1
21039;1
13166;1
31723;1
24410;1
31726;1
13164;1
24756;1
38291;1
33751;1
18664;1
13266;1
18228;1
33373;1
13381;1
20886;1
20888;1
13376;1
38467;1
20894;1
20896;1
13367;1
31695;1
20901;1
13361;1
20902;1
38456;1
33468;1
38448;1
24603;1
20885;1
24666;1
38469;1
20883;1
31688;1
33418;1
20869;1
33402;1
20870;1
33434;1
20874;1
24621;1
20879;1
25777;1
20881;1
33392;1
33453;1
33386;1
33385;1
20911;1
33365;1
20976;1
24698;1
38409;1
18884;1
38400;1
20958;1
33599;1
33600;1
38395;1
18221;1
20914;1
33604;1
13283;1
24513;1
24512;1
33621;1
24507;1
20974;1
24694;1
38419;1
33356;1
25765;1
33478;1
24597;1
18227;1
33498;1
31700;1
33500;1
38429;1
20926;1
33527;1
33529;1
33534;1
31701;1
24558;1
17570;1
20932;1
33816;1
33823;1
37836;1
12765;1
12795;1
34012;1
18196;1
37980;1
12779;1
18658;1
37970;1
12764;1
17594;1
18657;1
31770;1
18872;1
24211;1
18255;1
37944;1
34028;1
38003;1
34000;1
18241;1
38048;1
18250;1
17589;1
18198;1
24853;1
18251;1
12852;1
31755;1
38047;1
18671;1
38041;1
38027;1
33980;1
33982;1
38020;1
24232;1
12821;1
34030;1
17602;1
34036;1
37855;1
34089;1
12590;1
18187;1
18259;1
37869;1
24146;1
34113;1
31799;1
37929;1
31800;1
34144;1
37841;1
34155;1
12527;1
31805;1
37840;1
34085;1
18189;1
18191;1
12646;1
37928;1
37926;1
12693;1
37916;1
34047;1
31791;1
24193;1
12678;1
37913;1
37909;1
34053;1
24188;1
12660;1
37908;1
34056;1
18878;1
18199;1
12875;1
38228;1
24327;1
24798;1
21098;1
24799;1
21100;1
25732;1
38232;1
21108;1
13025;1
38225;1
38223;1
33880;1
18882;1
33881;1
33882;1
33883;1
18210;1
21097;1
21095;1
21090;1
13107;1
38263;1
17577;1
38262;1
33830;1
18214;1
33839;1
18213;1
31738;1
21082;1
17578;1
24783;1
38250;1
24344;1
18244;1
18245;1
21135;1
38082;1
18200;1
38123;1
33922;1
18248;1
33944;1
18669;1
38107;1
38098;1
38092;1
18660;1
12885;1
38090;1
25722;1
33959;1
38089;1
18249;1
12880;1
24287;1
12937;1
24823;1
25726;1
21139;1
31741;1
13005;1
12998;1
33908;1
12992;1
12991;1
18204;1
12987;1
38168;1
38153;1
24820;1
38147;1
12951;1
18650;1
18692;1
35960;1
18281;1
18367;1
35462;1
36375;1
18368;1
35465;1
25282;1
18002;1
22485;1
35466;1
35471;1
35472;1
36363;1
18003;1
18001;1
35474;1
17879;1
17880;1
22495;1
25286;1
22499;1
18329;1
35482;1
22500;1
22476;1
17876;1
36347;1
35412;1
22431;1
25473;1
22436;1
22437;1
36425;1
36421;1
22442;1
25264;1
36417;1
22448;1
36413;1
35449;1
36411;1
35418;1
35424;1
18005;1
17874;1
36397;1
18004;1
18780;1
35443;1
35447;1
36348;1
36342;1
25634;1
35547;1
22546;1
18333;1
36296;1
36293;1
25311;1
36292;1
17989;1
22555;1
35542;1
22556;1
17987;1
22543;1
22557;1
25313;1
22560;1
22564;1
36276;1
35552;1
17985;1
36267;1
22573;1
17891;1
36300;1
22541;1
22508;1
18332;1
36335;1
35496;1
18330;1
18743;1
18331;1
36328;1
18779;1
36324;1
22523;1
36320;1
36319;1
36307;1
35504;1
17996;1
36316;1
22532;1
36315;1
17995;1
35510;1
35522;1
25308;1
35527;1
22430;1
36431;1
35376;1
18321;1
35224;1
36575;1
36568;1
36565;1
18735;1
18320;1
36561;1
35230;1
22336;1
18032;1
18322;1
36581;1
35235;1
25226;1
22341;1
18031;1
36549;1
36537;1
22353;1
17856;1
36521;1
36519;1
17851;1
36585;1
22426;1
36629;1
36650;1
17836;1
17837;1
36637;1
36636;1
18039;1
35176;1
36634;1
36633;1
36631;1
36626;1
35214;1
36622;1
35181;1
36609;1
18733;1
18319;1
36601;1
36592;1
35212;1
36590;1
36588;1
22360;1
35276;1
18029;1
22406;1
18017;1
36473;1
17862;1
17863;1
36470;1
22398;1
35335;1
36464;1
36463;1
17865;1
25257;1
22363;1
35340;1
17867;1
35345;1
35351;1
36440;1
36435;1
35360;1
22423;1
17869;1
35369;1
18326;1
18018;1
36477;1
35329;1
22367;1
25232;1
18783;1
17859;1
22368;1
35281;1
36501;1
18369;1
18026;1
22373;1
22374;1
22375;1
18782;1
35312;1
18022;1
22379;1
35326;1
36490;1
36489;1
36487;1
18020;1
36262;1
36261;1
36260;1
18351;1
22771;1
35807;1
17918;1
22774;1
17919;1
36055;1
36053;1
35844;1
22781;1
18751;1
35853;1
18767;1
22785;1
22786;1
36050;1
22788;1
22791;1
18765;1
22944;1
22943;1
35855;1
36048;1
35799;1
36065;1
18346;1
36080;1
25380;1
35754;1
22734;1
36087;1
25382;1
35755;1
36081;1
35760;1
22743;1
22746;1
22749;1
36067;1
36077;1
18348;1
22755;1
22756;1
17911;1
18349;1
22757;1
17913;1
17952;1
22764;1
36045;1
36043;1
36039;1
35939;1
18760;1
17934;1
35919;1
35922;1
35927;1
22848;1
35978;1
35975;1
17933;1
35937;1
18762;1
22940;1
35944;1
17930;1
22872;1
22861;1
35961;1
22869;1
22863;1
17931;1
35955;1
18355;1
22840;1
35903;1
35985;1
17936;1
22805;1
22809;1
35869;1
35870;1
22927;1
18356;1
22926;1
36021;1
22813;1
18352;1
35873;1
35878;1
22822;1
22826;1
35883;1
36002;1
35992;1
22831;1
17924;1
22901;1
17925;1
35752;1
36099;1
18771;1
36216;1
18337;1
36225;1
22623;1
36223;1
35590;1
17974;1
18338;1
35593;1
36218;1
17973;1
35594;1
36230;1
17900;1
35595;1
18339;1
36202;1
22643;1
35599;1
35610;1
36195;1
35624;1
18341;1
36229;1
22613;1
22723;1
17979;1
36259;1
22582;1
18746;1
36258;1
17982;1
17894;1
22585;1
17981;1
36250;1
22596;1
36249;1
22612;1
22599;1
36241;1
36238;1
17977;1
36237;1
36236;1
35575;1
25332;1
25334;1
22609;1
25347;1
36189;1
35627;1
36121;1
36143;1
18344;1
36135;1
36134;1
22696;1
35674;1
22701;1
36126;1
35687;1
17907;1
17961;1
36186;1
22712;1
22713;1
36117;1
17959;1
17908;1
35727;1
36110;1
36103;1
36100;1
35742;1
36150;1
17965;1
18343;1
35670;1
36185;1
36184;1
18748;1
22665;1
36183;1
36179;1
25351;1
20860;1
36165;1
35644;1
22676;1
17903;1
25358;1
22683;1
18362;1
35662;1
36158;1
36155;1
17905;1
36154;1
36152;1
18787;1
36656;1
36660;1
34680;1
34664;1
37238;1
37237;1
37236;1
17723;1
17724;1
37227;1
18708;1
34671;1
37224;1
17725;1
37241;1
18622;1
18827;1
18826;1
37214;1
18710;1
34690;1
17729;1
37207;1
34691;1
18823;1
34661;1
34652;1
34620;1
18831;1
37312;1
37306;1
17712;1
34637;1
37304;1
37303;1
37301;1
37297;1
37292;1
37290;1
37289;1
37246;1
37288;1
18108;1
37283;1
17718;1
34642;1
37277;1
17720;1
37259;1
37252;1
34648;1
17731;1
37199;1
37198;1
37125;1
37156;1
17739;1
17740;1
17741;1
25082;1
34736;1
34747;1
17743;1
37142;1
37136;1
18294;1
34695;1
34752;1
37116;1
34760;1
37100;1
18384;1
17749;1
18295;1
17750;1
37096;1
37092;1
34733;1
17738;1
37161;1
37173;1
18715;1
18716;1
34711;1
34716;1
34720;1
37197;1
34721;1
37194;1
34726;1
17733;1
37193;1
37190;1
37187;1
37185;1
25077;1
17734;1
37184;1
17735;1
37183;1
37178;1
37174;1
37313;1
37322;1
37088;1
37449;1
37475;1
34492;1
37472;1
37470;1
34495;1
34498;1
37459;1
17685;1
18131;1
37456;1
37448;1
37477;1
18129;1
37442;1
31871;1
31874;1
37437;1
18127;1
18695;1
34534;1
18842;1
34544;1
17681;1
37478;1
37326;1
25003;1
34438;1
31848;1
31855;1
34454;1
37537;1
37533;1
18138;1
18843;1
17677;1
34460;1
18137;1
37480;1
18136;1
34476;1
37510;1
18694;1
37496;1
37495;1
37494;1
37491;1
18133;1
17680;1
18647;1
34548;1
37431;1
37342;1
17701;1
18289;1
31884;1
37367;1
18115;1
18701;1
37349;1
37348;1
18836;1
37345;1
17706;1
37428;1
34589;1
25041;1
17707;1
37336;1
37335;1
37334;1
34607;1
37333;1
37329;1
31900;1
18699;1
31883;1
18119;1
37373;1
37421;1
37417;1
37416;1
18122;1
17689;1
17691;1
17692;1
34550;1
25611;1
17693;1
17694;1
17695;1
37397;1
18645;1
37395;1
34561;1
37389;1
31880;1
37386;1
37384;1
37375;1
37089;1
34780;1
36662;1
17809;1
36792;1
18312;1
18636;1
17806;1
18798;1
35089;1
18054;1
25178;1
36783;1
18797;1
36779;1
36816;1
35095;1
17810;1
36776;1
25522;1
36773;1
36770;1
17813;1
18050;1
36765;1
18793;1
36807;1
35063;1
25537;1
36837;1
17791;1
25153;1
36845;1
18061;1
36841;1
35024;1
36838;1
35028;1
35031;1
35033;1
36834;1
17800;1
35051;1
18728;1
36830;1
25162;1
36827;1
18309;1
36825;1
18311;1
17799;1
36820;1
18049;1
25181;1
35112;1
25201;1
35146;1
18041;1
36690;1
36687;1
36685;1
17828;1
17829;1
25197;1
18317;1
35148;1
35149;1
36750;1
18040;1
36679;1
17831;1
36673;1
36672;1
18318;1
36670;1
36669;1
25205;1
36663;1
18732;1
36694;1
36695;1
36696;1
25517;1
36745;1
35116;1
18729;1
36740;1
17822;1
36738;1
18047;1
18730;1
36730;1
36729;1
35129;1
36726;1
35130;1
35133;1
36708;1
18792;1
18791;1
36699;1
36697;1
25189;1
18308;1
18307;1
25097;1
37011;1
37022;1
18813;1
37021;1
37020;1
34847;1
34853;1
34868;1
37015;1
18812;1
37013;1
25554;1
25110;1
37007;1
37006;1
37002;1
25115;1
37000;1
36999;1
18079;1
18299;1
36994;1
34872;1
34844;1
17764;1
17789;1
37067;1
37082;1
17755;1
34792;1
37070;1
34799;1
17756;1
18718;1
18087;1
18642;1
18086;1
25104;1
37036;1
37052;1
18381;1
37048;1
18085;1
18816;1
34808;1
18084;1
34819;1
37046;1
34832;1
36990;1
36986;1
36980;1
18637;1
34958;1
36902;1
18638;1
36900;1
18810;1
36888;1
18377;1
18305;1
18067;1
36880;1
36874;1
36975;1
17785;1
34977;1
36866;1
18726;1
36864;1
18727;1
18062;1
36856;1
35006;1
18376;1
36909;1
36913;1
36917;1
36922;1
17775;1
34878;1
36974;1
34879;1
34882;1
17776;1
36963;1
34899;1
34907;1
36949;1
34911;1
34922;1
36946;1
18301;1
36939;1
34927;1
18811;1
34935;1
34949;1
18069;1
17779;1
18059;1
20438;1
17565;1
27253;1
16040;1
17465;1
27237;1
27238;1
27240;1
16043;1
16046;1
27234;1
16048;1
16052;1
30063;1
16053;1
30052;1
16055;1
30084;1
16039;1
19457;1
19507;1
19510;1
16018;1
16019;1
19509;1
30113;1
27209;1
19506;1
19496;1
30106;1
16028;1
19498;1
16035;1
30099;1
16037;1
30047;1
16057;1
30043;1
19463;1
27315;1
29999;1
29998;1
29990;1
17460;1
16111;1
19462;1
16058;1
16116;1
19461;1
16121;1
17459;1
16124;1
19458;1
16091;1
30002;1
30003;1
30006;1
16084;1
19476;1
19479;1
27302;1
19480;1
19481;1
16076;1
17464;1
16067;1
18590;1
19486;1
16060;1
27276;1
16014;1
16013;1
18479;1
19536;1
15889;1
15892;1
17470;1
15903;1
27129;1
19540;1
15916;1
18473;1
18471;1
19534;1
30191;1
15918;1
15924;1
15929;1
17471;1
17472;1
30218;1
15878;1
30230;1
27107;1
15875;1
15871;1
19545;1
15867;1
30245;1
19546;1
15861;1
27086;1
15857;1
18919;1
15854;1
15937;1
30178;1
18478;1
18477;1
19526;1
17469;1
19524;1
15992;1
19523;1
19522;1
19520;1
15939;1
16001;1
16003;1
16006;1
16007;1
16008;1
17468;1
15985;1
30153;1
19527;1
15983;1
15981;1
15980;1
30158;1
15969;1
19530;1
15963;1
15959;1
15956;1
15953;1
27158;1
27155;1
15943;1
30167;1
27349;1
29956;1
19814;1
29766;1
19382;1
29783;1
16315;1
16316;1
18503;1
19381;1
19379;1
16298;1
19377;1
16327;1
17452;1
16332;1
19366;1
16343;1
27500;1
27495;1
16127;1
16276;1
29810;1
16262;1
16264;1
16269;1
19393;1
27484;1
19390;1
29791;1
16281;1
16283;1
16285;1
19385;1
18499;1
16294;1
19364;1
27534;1
27535;1
16397;1
16384;1
16392;1
19351;1
16396;1
29702;1
29699;1
19349;1
16347;1
29697;1
16403;1
16405;1
29695;1
19342;1
19340;1
16374;1
16373;1
16371;1
19355;1
17449;1
16367;1
29729;1
16361;1
29737;1
16359;1
16358;1
16357;1
16356;1
18507;1
19361;1
19362;1
16348;1
18496;1
18495;1
27468;1
16168;1
19447;1
16163;1
16164;1
29916;1
19445;1
27385;1
19440;1
16199;1
16176;1
19434;1
16178;1
29882;1
19429;1
27409;1
17457;1
16156;1
16153;1
16151;1
16150;1
27365;1
16148;1
16147;1
27362;1
19454;1
27360;1
16140;1
19455;1
16134;1
16130;1
16129;1
19456;1
16192;1
16200;1
19399;1
16250;1
19409;1
16236;1
19404;1
16244;1
27446;1
19402;1
29835;1
19420;1
29832;1
16253;1
18493;1
29821;1
29820;1
29818;1
19412;1
29854;1
19413;1
19416;1
16217;1
16216;1
18491;1
16215;1
27428;1
19418;1
27427;1
16211;1
16208;1
27425;1
19419;1
16206;1
16205;1
17474;1
19548;1
15845;1
26816;1
18915;1
15338;1
15342;1
19727;1
15344;1
15346;1
15348;1
30547;1
15352;1
30526;1
30524;1
19720;1
19718;1
15360;1
15334;1
15332;1
15844;1
15320;1
19744;1
18602;1
18451;1
15311;1
15313;1
15315;1
18452;1
15330;1
19738;1
19734;1
15326;1
30559;1
15328;1
19732;1
15361;1
18453;1
15365;1
19671;1
15433;1
19674;1
26870;1
15438;1
15440;1
19672;1
15445;1
15366;1
15446;1
19670;1
19669;1
19667;1
18916;1
15455;1
19679;1
19683;1
15412;1
30495;1
19687;1
30496;1
19688;1
17488;1
15405;1
19697;1
19698;1
15388;1
26839;1
15374;1
19709;1
19711;1
19713;1
19753;1
15300;1
15298;1
30644;1
30647;1
15210;1
15212;1
19792;1
19791;1
15215;1
19789;1
30637;1
19787;1
15219;1
30639;1
19782;1
15224;1
15225;1
19793;1
19796;1
26699;1
19797;1
15202;1
19799;1
30658;1
26691;1
15193;1
15188;1
19807;1
30659;1
30662;1
19808;1
30663;1
15180;1
15176;1
15229;1
19779;1
19755;1
26754;1
26740;1
15270;1
15274;1
19763;1
19762;1
15278;1
30603;1
19777;1
30602;1
30601;1
15282;1
15285;1
15288;1
15295;1
19765;1
15268;1
15266;1
15265;1
30623;1
15255;1
15254;1
18449;1
15252;1
15249;1
30626;1
26731;1
19774;1
15245;1
30631;1
15243;1
15241;1
19656;1
15463;1
30458;1
19575;1
15708;1
15711;1
18918;1
30361;1
15718;1
26999;1
19574;1
15756;1
15734;1
15744;1
15745;1
15750;1
15751;1
19572;1
15701;1
30370;1
15700;1
26972;1
15697;1
15696;1
15694;1
15693;1
15688;1
19584;1
15672;1
15670;1
15669;1
19586;1
15666;1
15664;1
15662;1
19571;1
15757;1
19588;1
15823;1
27050;1
15814;1
15816;1
30285;1
19558;1
18467;1
19555;1
15767;1
18468;1
15829;1
19552;1
15838;1
15841;1
19550;1
19564;1
18598;1
15808;1
15791;1
15788;1
30305;1
15780;1
30308;1
30309;1
30312;1
15778;1
15773;1
18464;1
19567;1
15770;1
15769;1
15768;1
15661;1
15654;1
30456;1
15515;1
26908;1
15511;1
30444;1
30443;1
30441;1
15514;1
30440;1
30424;1
15518;1
19632;1
19631;1
19628;1
26921;1
15529;1
19638;1
15503;1
15500;1
26901;1
15497;1
19639;1
15487;1
15485;1
15483;1
17482;1
15476;1
15473;1
15471;1
18917;1
26891;1
19655;1
15464;1
30425;1
30423;1
15644;1
15618;1
19604;1
15598;1
18600;1
15601;1
19602;1
15614;1
26957;1
30418;1
15629;1
19594;1
26961;1
30391;1
15641;1
15642;1
15591;1
15585;1
19605;1
30408;1
19606;1
17480;1
26941;1
19607;1
15576;1
26939;1
15572;1
18601;1
30414;1
15561;1
15550;1
15549;1
19618;1
16412;1
16414;1
19338;1
17061;1
19076;1
19075;1
19074;1
17055;1
17057;1
28865;1
17062;1
17044;1
28283;1
28858;1
19070;1
17065;1
28290;1
28840;1
17045;1
28883;1
18928;1
17013;1
17000;1
19095;1
17004;1
19093;1
17010;1
19088;1
17018;1
17042;1
17022;1
19082;1
17402;1
28260;1
17037;1
28262;1
17077;1
19064;1
17080;1
28790;1
17110;1
19044;1
17112;1
28803;1
17116;1
19041;1
17125;1
18566;1
28341;1
17127;1
17128;1
19037;1
17133;1
28346;1
17109;1
17108;1
19046;1
19047;1
19048;1
19049;1
28315;1
28814;1
28815;1
17100;1
19054;1
28821;1
17088;1
28303;1
28835;1
17086;1
19062;1
16997;1
16996;1
19097;1
19146;1
16885;1
16889;1
28139;1
28142;1
16895;1
16897;1
29019;1
16909;1
16902;1
16903;1
18533;1
19145;1
28997;1
16907;1
29031;1
16884;1
16883;1
16881;1
29034;1
16878;1
16877;1
16875;1
29050;1
29051;1
16872;1
29053;1
16871;1
16870;1
16869;1
19158;1
29061;1
19142;1
19139;1
19099;1
16974;1
28208;1
28945;1
17407;1
19112;1
19110;1
19109;1
19108;1
19138;1
16977;1
19104;1
19101;1
16986;1
16987;1
19100;1
28955;1
16957;1
19117;1
16955;1
19119;1
28197;1
18535;1
19121;1
28973;1
16945;1
16942;1
28979;1
16938;1
16937;1
16935;1
16923;1
16922;1
17135;1
17136;1
28356;1
17291;1
17278;1
17279;1
28604;1
17286;1
28496;1
17386;1
28597;1
28511;1
17294;1
17298;1
17299;1
17300;1
17302;1
17303;1
18559;1
17277;1
17275;1
18973;1
17271;1
18974;1
17269;1
18976;1
17266;1
28610;1
18983;1
17388;1
17261;1
18985;1
17257;1
17389;1
28471;1
17305;1
28593;1
18989;1
17363;1
17353;1
17356;1
18943;1
17359;1
18942;1
17361;1
17365;1
17314;1
18939;1
17370;1
28564;1
28562;1
17372;1
17373;1
17385;1
28541;1
17346;1
17345;1
17343;1
18948;1
17337;1
18952;1
17333;1
17329;1
17326;1
28520;1
18957;1
17320;1
18958;1
17317;1
17315;1
28620;1
28621;1
17139;1
17395;1
17162;1
19025;1
28390;1
28391;1
17164;1
19024;1
19023;1
17189;1
17173;1
18935;1
28716;1
19020;1
17183;1
17186;1
28735;1
17159;1
19029;1
28380;1
28745;1
19030;1
19031;1
17151;1
17148;1
28755;1
28371;1
17147;1
28758;1
28760;1
28366;1
17145;1
19033;1
19014;1
28709;1
18938;1
28640;1
17224;1
28662;1
17226;1
17227;1
18997;1
18561;1
18994;1
17191;1
17242;1
17243;1
28638;1
28462;1
17247;1
17249;1
18999;1
17221;1
17220;1
17219;1
19001;1
17214;1
17211;1
19007;1
18937;1
18936;1
17206;1
28429;1
17204;1
28425;1
19011;1
19013;1
17195;1
19159;1
19163;1
18508;1
19279;1
29481;1
16586;1
29478;1
18922;1
16593;1
16595;1
16598;1
27758;1
29463;1
16607;1
16608;1
19274;1
16610;1
19272;1
27763;1
19282;1
19165;1
16571;1
16561;1
16562;1
16567;1
16568;1
16569;1
16570;1
27746;1
16583;1
16572;1
16574;1
16577;1
16580;1
19283;1
16582;1
16615;1
29437;1
16617;1
16654;1
16648;1
19253;1
19250;1
29402;1
29400;1
29396;1
29395;1
18575;1
19249;1
16659;1
16660;1
27841;1
27843;1
16661;1
16647;1
27824;1
16643;1
19255;1
19256;1
16638;1
19257;1
27819;1
27818;1
19259;1
16630;1
29418;1
19260;1
19261;1
27810;1
16625;1
29430;1
16560;1
29517;1
19290;1
29641;1
19328;1
16452;1
29644;1
16454;1
16462;1
16463;1
16464;1
29602;1
16468;1
17441;1
27654;1
16473;1
16476;1
16477;1
16448;1
19330;1
27632;1
27631;1
16438;1
16436;1
29654;1
16433;1
17444;1
27620;1
19333;1
27618;1
16428;1
16426;1
29674;1
29679;1
16424;1
18921;1
16483;1
29518;1
19295;1
27701;1
16530;1
19297;1
16535;1
27709;1
16536;1
16544;1
18510;1
29533;1
16553;1
18512;1
16555;1
16556;1
19291;1
19300;1
16523;1
16519;1
16518;1
16517;1
29560;1
16498;1
16496;1
19312;1
16493;1
16492;1
19313;1
16489;1
27680;1
16487;1
19314;1
19315;1
29390;1
29389;1
27851;1
29156;1
29161;1
19184;1
28026;1
16806;1
29160;1
28028;1
16811;1
29125;1
16813;1
16814;1
28038;1
16816;1
28040;1
16819;1
29176;1
29183;1
19187;1
16800;1
28013;1
16799;1
16794;1
16793;1
16792;1
29201;1
27997;1
17419;1
29213;1
27990;1
27988;1
27986;1
29218;1
16821;1
29117;1
27980;1
28087;1
18528;1
29080;1
19170;1
16842;1
16845;1
16846;1
16849;1
19180;1
16850;1
16853;1
17412;1
16855;1
16856;1
16858;1
17415;1
16839;1
28076;1
29089;1
16838;1
29095;1
28068;1
19175;1
19176;1
19178;1
18527;1
16833;1
16831;1
29104;1
29112;1
28055;1
16828;1
16783;1
16780;1
16665;1
29329;1
17429;1
16687;1
27877;1
16695;1
29335;1
19227;1
16698;1
16708;1
16701;1
29322;1
19226;1
16704;1
19224;1
17427;1
18924;1
29348;1
19233;1
29358;1
18923;1
27866;1
19237;1
18574;1
19239;1
29373;1
19240;1
29380;1
16672;1
19243;1
29382;1
16670;1
19245;1
29315;1
16711;1
16777;1
16762;1
27946;1
16752;1
29246;1
19200;1
16754;1
19199;1
16763;1
16713;1
18572;1
16764;1
16770;1
19195;1
27973;1
29226;1
16745;1
29257;1
16739;1
29268;1
16730;1
19216;1
19218;1
19219;1
16723;1
19221;1
29286;1
27916;1
19222;1
29288;1
16715;1
29292;1
18520;1
19813;1
33416;1
19815;1
31058;1
31380;1
20323;1
14729;1
14728;1
14726;1
14725;1
20320;1
26019;1
20316;1
26027;1
20048;1
26373;1
20311;1
20050;1
31373;1
14715;1
31013;1
14281;1
20307;1
31382;1
20047;1
14731;1
14738;1
14748;1
20342;1
20338;1
20036;1
20039;1
14740;1
31390;1
30989;1
14241;1
31383;1
30992;1
20042;1
20044;1
26007;1
18902;1
31385;1
14734;1
31002;1
26034;1
14711;1
26040;1
31333;1
14680;1
119291;1
31343;1
14679;1
18418;1
20281;1
31044;1
20271;1
20063;1
20061;1
14676;1
31332;1
20267;1
20266;1
20257;1
31054;1
14674;1
26341;1
26058;1
18612;1
20052;1
31358;1
14702;1
20296;1
14305;1
20054;1
31366;1
14700;1
31362;1
20290;1
14314;1
14684;1
20057;1
20289;1
26050;1
26051;1
20058;1
31349;1
20286;1
26056;1
26002;1
30974;1
20030;1
19995;1
30913;1
14119;1
20413;1
18411;1
25959;1
20411;1
20410;1
31439;1
20406;1
31444;1
14819;1
14136;1
14817;1
26447;1
14816;1
31435;1
19998;1
30932;1
20417;1
31445;1
14804;1
26467;1
18409;1
18605;1
38832;1
14546;1
20429;1
20427;1
31462;1
38833;1
14831;1
14823;1
20423;1
31457;1
17504;1
31455;1
25946;1
20418;1
31448;1
30912;1
14806;1
17535;1
14760;1
14772;1
20021;1
31415;1
31411;1
31410;1
31404;1
20350;1
20348;1
30949;1
30955;1
20016;1
31399;1
20026;1
20027;1
14217;1
20346;1
14762;1
20343;1
14761;1
20357;1
25984;1
14803;1
20391;1
17506;1
17507;1
18412;1
14789;1
20011;1
20392;1
20012;1
14162;1
14169;1
20015;1
30944;1
20380;1
20376;1
17534;1
14781;1
31423;1
20365;1
20360;1
26340;1
20255;1
31476;1
14663;1
31156;1
14480;1
20103;1
31249;1
31158;1
20106;1
26249;1
20178;1
14586;1
20177;1
14487;1
14490;1
31245;1
31244;1
14493;1
20109;1
14494;1
14495;1
20170;1
20179;1
31257;1
31258;1
14468;1
20098;1
17519;1
26268;1
20099;1
14466;1
14604;1
14601;1
14467;1
31149;1
26254;1
14599;1
26261;1
20100;1
26257;1
20101;1
20182;1
14470;1
20102;1
31161;1
14501;1
31241;1
17516;1
20141;1
14560;1
31198;1
26218;1
31199;1
14536;1
31212;1
14537;1
14557;1
20151;1
20124;1
31209;1
14540;1
20131;1
14549;1
17515;1
31208;1
14548;1
20147;1
20121;1
31239;1
20163;1
31238;1
31236;1
14502;1
26243;1
31163;1
14572;1
20116;1
31171;1
20159;1
20152;1
20117;1
20156;1
14519;1
20153;1
18423;1
18611;1
20120;1
31220;1
14457;1
26141;1
26138;1
26307;1
14381;1
31086;1
31318;1
31098;1
31314;1
31101;1
26091;1
31102;1
26092;1
31320;1
14389;1
31311;1
20239;1
31106;1
14392;1
14396;1
14642;1
26102;1
31085;1
14379;1
14399;1
31070;1
20067;1
26335;1
20073;1
14365;1
14368;1
20074;1
31327;1
20076;1
18421;1
14646;1
14654;1
31323;1
20077;1
20244;1
31321;1
20242;1
20080;1
14648;1
14397;1
26111;1
20096;1
20093;1
14621;1
14418;1
20216;1
14620;1
14424;1
14425;1
20214;1
20212;1
20211;1
31279;1
20210;1
14435;1
14437;1
14614;1
14613;1
14445;1
14611;1
20201;1
20092;1
14623;1
14400;1
20231;1
31108;1
17526;1
31109;1
31112;1
26112;1
15169;1
26293;1
31290;1
31287;1
31282;1
20229;1
20227;1
20223;1
17524;1
14416;1
20089;1
14628;1
31284;1
30897;1
20430;1
31480;1
20678;1
26608;1
20679;1
19876;1
15071;1
26602;1
15068;1
19878;1
19880;1
38635;1
30747;1
13712;1
20669;1
15059;1
15058;1
20657;1
20656;1
19887;1
20655;1
25802;1
30745;1
13742;1
20713;1
19849;1
19852;1
31656;1
31654;1
13641;1
19857;1
38602;1
13660;1
19866;1
20689;1
19867;1
15081;1
15078;1
19874;1
19875;1
18890;1
26614;1
20692;1
26599;1
13746;1
38590;1
13837;1
15036;1
20610;1
20609;1
15032;1
20605;1
20604;1
38695;1
15027;1
31631;1
15037;1
15022;1
20593;1
13850;1
20588;1
30896;1
20583;1
19899;1
20581;1
20612;1
18617;1
31646;1
20638;1
38652;1
19888;1
19892;1
20646;1
15049;1
20644;1
19894;1
20640;1
13774;1
20621;1
20637;1
20636;1
26587;1
20634;1
15042;1
20633;1
25808;1
30771;1
19847;1
20727;1
20580;1
19826;1
19822;1
15157;1
13507;1
15155;1
20802;1
20800;1
15152;1
20798;1
20797;1
20812;1
31669;1
19828;1
20795;1
20792;1
15145;1
20791;1
38541;1
20788;1
25783;1
20816;1
17558;1
20855;1
38489;1
18888;1
20857;1
20856;1
30673;1
15166;1
15164;1
19820;1
20845;1
20820;1
38494;1
13465;1
20839;1
20833;1
15161;1
19821;1
20832;1
20830;1
15143;1
38544;1
15108;1
20733;1
20741;1
19841;1
15121;1
20738;1
13614;1
19842;1
20737;1
20735;1
19843;1
19838;1
15116;1
17557;1
20731;1
15113;1
15111;1
30722;1
20728;1
15110;1
20742;1
20745;1
19830;1
19835;1
13550;1
15134;1
15130;1
20780;1
20776;1
20772;1
19831;1
19832;1
25789;1
38583;1
38567;1
31667;1
26650;1
20758;1
31666;1
25792;1
19836;1
20749;1
13866;1
38712;1
15015;1
14889;1
14896;1
25870;1
19950;1
30849;1
14894;1
20490;1
18438;1
20488;1
20486;1
20491;1
14022;1
30859;1
31544;1
38782;1
14029;1
14886;1
14884;1
31536;1
19945;1
14899;1
26529;1
31564;1
19935;1
31578;1
31572;1
31570;1
20578;1
26526;1
30834;1
14920;1
14919;1
14903;1
20492;1
14912;1
18439;1
14911;1
18614;1
14910;1
31556;1
19943;1
20481;1
19959;1
19962;1
19985;1
20450;1
20449;1
19979;1
18900;1
14849;1
30890;1
20444;1
14844;1
31491;1
31529;1
14838;1
14837;1
26477;1
20442;1
20441;1
38824;1
14085;1
19986;1
14852;1
17539;1
20455;1
25911;1
19964;1
31527;1
14879;1
25891;1
14878;1
31520;1
38803;1
31515;1
14867;1
26492;1
20464;1
14044;1
19972;1
19975;1
20462;1
20459;1
31508;1
20494;1
26527;1
18405;1
20550;1
14996;1
20562;1
14994;1
20560;1
38731;1
20556;1
20553;1
14984;1
20548;1
18400;1
38739;1
14982;1
14977;1
19934;1
20540;1
31609;1
13941;1
25826;1
19907;1
20563;1
19905;1
38728;1
20577;1
15014;1
17546;1
15012;1
38721;1
38723;1
19901;1
15008;1
20572;1
19902;1
18894;1
13885;1
17544;1
38726;1
20567;1
15004;1
19903;1
38745;1
13928;1
19914;1
19927;1
31592;1
25844;1
38756;1
19923;1
20510;1
17497;1
19926;1
20507;1
19930;1
31598;1
19932;1
14936;1
31590;1
20501;1
13989;1
31587;1
14930;1
20496;1
20514;1
31206;1
13961;1
20523;1
18402;1
14967;1
19921;1
14968;1
31602;1
25833;1
19919;1
14956;1
14953;1
37285;0
36147;0
36705;0
144310;0
143453;0
118532;0
98889;0
135889;0
142781;0
142871;0
116777;0
116121;0
111701;0
114067;0
148680;0
148385;0
122281;0
73630;0
64714;0
87366;0
75072;0
122673;0
106262;0
109154;0
113427;0
116584;0
119658;0
73017;0
115544;0
118290;0
64235;0
72639;0
73925;0
40396;0
79512;0
27961;0
24613;0
25502;0
83528;0
28141;0
37934;0
18060;0
79883;0
24230;0
26272;0
53216;0
150498;0
63723;0
150729;0
41722;0
122693;0
112474;0
124257;0
84670;0
88064;0
55787;0
113857;0
76451;0
112404;0
70875;0
124410;0
122233;0
124380;0
148877;0
98414;0
56985;0
59663;0
110299;0
134911;0
113087;0
116326;0
114463;0
119695;0
107790;0
114709;0
96412;0
39496;0
145049;0
77398;0
44889;0
112537;0
113218;0
147136;0
111001;0
124121;0
115227;0
70760;0
116010;0
81357;0
140133;0
109974;0
133668;0
141181;0
115793;0
98976;0
142627;0
103668;0
129601;0
103666;0
138040;0
118132;0
109205;0
124493;0
123305;0
78469;0
76001;0
72117;0
57992;0
143327;0
147693;0
65128;0
123274;0
120587;0
55467;0
136268;0
124805;0
52442;0
53865;0
142464;0
52976;0
135811;0
52300;0
54731;0
133874;0
40701;0
133913;0
59719;0
142733;0
140450;0
54592;0
41683;0
54937;0
126101;0
73786;0
39558;0
91857;0
120349;0
72813;0
121195;0
123958;0
119818;0
118101;0
71854;0
151421;0
124035;0
78900;0
26304;0
64583;0
26386;0
77588;0
22902;0
26507;0
119123;0
24497;0
31429;0
37412;0
65078;0
93007;0
96920;0
93057;0
34039;0
85786;0
132080;0
95503;0
92770;0
89207;0
138048;0
88604;0
87874;0
99695;0
53976;0
91748;0
103716;0
102350;0
84061;0
59494;0
118389;0
147742;0
121386;0
109620;0
109882;0
108378;0
148722;0
144664;0
119521;0
119218;0
118699;0
143726;0
144157;0
143965;0
149179;0
110138;0
144252;0
143457;0
143532;0
147925;0
147231;0
143508;0
120136;0
43981;0
48153;0
141615;0
137930;0
139705;0
41006;0
137625;0
139368;0
44632;0
50645;0
48733;0
56529;0
48148;0
41623;0
55008;0
125770;0
58866;0
58431;0
124503;0
42718;0
134539;0
125760;0
42705;0
47509;0
56181;0
56318;0
137785;0
47327;0
133358;0
58359;0
59030;0
41610;0
43138;0
125800;0
134950;0
54212;0
57646;0
140252;0
40877;0
56991;0
42811;0
42515;0
58362;0
52566;0
57627;0
139932;0
57600;0
140656;0
58976;0
41798;0
57022;0
57030;0
52507;0
125952;0
46793;0
124520;0
57517;0
56188;0
125003;0
50417;0
42583;0
54549;0
42652;0
49755;0
139942;0
41582;0
52869;0
46509;0
45296;0
138285;0
134584;0
126708;0
54568;0
58564;0
51390;0
51559;0
54684;0
59780;0
58568;0
57399;0
136814;0
42192;0
57366;0
141154;0
142109;0
42200;0
139144;0
133154;0
141401;0
55861;0
134573;0
51514;0
53145;0
43164;0
43246;0
126658;0
56284;0
140193;0
134558;0
142089;0
45881;0
49231;0
50571;0
41445;0
41850;0
57190;0
136145;0
132899;0
134986;0
125716;0
139578;0
126089;0
39540;0
39988;0
87570;0
134572;0
43647;0
54836;0
139160;0
126178;0
57681;0
55193;0
55391;0
48294;0
57864;0
56656;0
50101;0
42961;0
56501;0
42960;0
41937;0
41888;0
39773;0
136406;0
125058;0
139308;0
42919;0
56692;0
55359;0
141221;0
139220;0
40215;0
41882;0
52107;0
40573;0
50265;0
49310;0
133602;0
48379;0
39751;0
43322;0
142883;0
135493;0
139243;0
141725;0
49349;0
139252;0
48920;0
136382;0
53769;0
46328;0
50148;0
44520;0
142487;0
53712;0
142488;0
40142;0
46963;0
50978;0
137174;0
48902;0
43495;0
125086;0
53873;0
52122;0
139565;0
52215;0
124596;0
47777;0
45510;0
45770;0
45497;0
141503;0
60070;0
48818;0
42031;0
139073;0
57767;0
135171;0
140453;0
46860;0
52236;0
53448;0
53432;0
56869;0
125141;0
138145;0
43571;0
42832;0
142500;0
51070;0
48840;0
136090;0
59173;0
42382;0
129355;0
55619;0
56464;0
132914;0
44802;0
49520;0
142610;0
130758;0
54358;0
134080;0
45138;0
106846;0
76826;0
76827;0
53208;0
138723;0
103856;0
97407;0
143565;0
112855;0
150760;0
151043;0
118046;0
143646;0
112841;0
123569;0
92468;0
128917;0
131852;0
92578;0
61071;0
62393;0
63118;0
63413;0
62729;0
62947;0
61909;0
61858;0
63682;0
92414;0
90327;0
131104;0
99475;0
96185;0
92957;0
95232;0
139092;0
90838;0
89652;0
89139;0
89574;0
106293;0
96174;0
91578;0
95950;0
91542;0
135412;0
88147;0
91181;0
132676;0
60014;0
134802;0
89308;0
92220;0
99271;0
92372;0
98445;0
91018;0
99490;0
99537;0
90905;0
96290;0
91254;0
89266;0
131757;0
97825;0
89405;0
141306;0
90083;0
131921;0
92815;0
89874;0
97065;0
134958;0
93746;0
91024;0
98041;0
94502;0
94478;0
94809;0
88162;0
137685;0
92158;0
135275;0
126604;0
104563;0
88705;0
103326;0
133825;0
88694;0
134167;0
133431;0
89370;0
99888;0
60309;0
72652;0
50552;0
2570;0
78451;0
78984;0
77250;0
5248;0
94274;0
7172;0
6009;0
10797;0
77951;0
11077;0
79735;0
5321;0
77711;0
3718;0
80957;0
10606;0
62;0
11614;0
94129;0
5884;0
10582;0
86423;0
86683;0
86013;0
62452;0
149436;0
111509;0
151784;0
146494;0
151511;0
114082;0
123978;0
144387;0
144307;0
148482;0
146702;0
84823;0
124157;0
123146;0
144424;0
110936;0
149392;0
144166;0
148577;0
146711;0
146365;0
146088;0
149946;0
147872;0
146418;0
148589;0
151491;0
147882;0
143274;0
108744;0
148512;0
77634;0
148610;0
151638;0
117866;0
148697;0
146539;0
137318;0
151266;0
108253;0
111244;0
149554;0
147724;0
146310;0
148408;0
147896;0
113925;0
149755;0
115412;0
147903;0
108799;0
144525;0
113888;0
123332;0
146274;0
149791;0
117146;0
148685;0
123348;0
144256;0
124250;0
147702;0
144571;0
111886;0
144562;0
117178;0
143235;0
107365;0
147730;0
115492;0
123061;0
70773;0
108995;0
114904;0
146340;0
144241;0
111651;0
124018;0
149749;0
144454;0
146897;0
151575;0
144007;0
151573;0
148459;0
112037;0
148537;0
115982;0
151391;0
112028;0
123264;0
114945;0
148707;0
151375;0
111154;0
148540;0
146530;0
116775;0
148011;0
116778;0
70923;0
112010;0
148569;0
148768;0
121715;0
144992;0
145295;0
72028;0
123925;0
120817;0
122230;0
121446;0
119950;0
121432;0
145929;0
148330;0
143887;0
145082;0
122245;0
120879;0
148329;0
122299;0
119961;0
109825;0
110723;0
119182;0
143526;0
112908;0
121500;0
119981;0
147264;0
122044;0
122085;0
71932;0
143797;0
145103;0
145751;0
147465;0
147584;0
119973;0
121465;0
147232;0
109621;0
145844;0
143877;0
123653;0
148135;0
150153;0
121352;0
145743;0
149033;0
122502;0
121310;0
123881;0
108576;0
121247;0
145748;0
118948;0
122551;0
149120;0
149108;0
121047;0
150721;0
122724;0
145698;0
147486;0
119849;0
143654;0
150349;0
122383;0
150623;0
72940;0
110643;0
123907;0
145001;0
122405;0
72299;0
121035;0
145716;0
147456;0
118434;0
121193;0
118269;0
121850;0
123732;0
145161;0
71830;0
144919;0
147618;0
150022;0
145617;0
151087;0
145960;0
121685;0
112213;0
150843;0
121791;0
123439;0
120619;0
146968;0
148362;0
148886;0
110615;0
148254;0
108155;0
121786;0
147293;0
118289;0
121662;0
120220;0
121778;0
147311;0
119297;0
121593;0
121885;0
146984;0
108379;0
146018;0
143781;0
121852;0
149002;0
113500;0
137729;0
110678;0
150536;0
148050;0
107622;0
143709;0
121555;0
145202;0
123055;0
83676;0
120489;0
143764;0
109220;0
61962;0
88096;0
87889;0
102701;0
101603;0
88994;0
18043;0
100792;0
140111;0
145562;0
15056;0
89347;0
140386;0
103045;0
140396;0
128921;0
103048;0
141952;0
88969;0
131693;0
131036;0
130574;0
141315;0
20671;0
93272;0
24385;0
93060;0
35721;0
106109;0
35717;0
142045;0
88388;0
19474;0
17196;0
33785;0
130583;0
86409;0
106652;0
14640;0
95074;0
102597;0
106709;0
146380;0
103071;0
102722;0
88987;0
94078;0
24404;0
95769;0
22498;0
140448;0
145523;0
124672;0
12304;0
102201;0
35415;0
38524;0
101909;0
14564;0
137852;0
96336;0
15159;0
101296;0
129017;0
142397;0
102577;0
89130;0
35425;0
140264;0
103138;0
35355;0
92777;0
129404;0
102580;0
35541;0
38540;0
125190;0
140182;0
95173;0
129964;0
129007;0
87940;0
88715;0
93834;0
35476;0
128973;0
142423;0
145155;0
20126;0
140232;0
100675;0
130877;0
126463;0
102570;0
126444;0
100698;0
19407;0
86042;0
20150;0
92744;0
125913;0
142405;0
88736;0
145181;0
86023;0
133312;0
93322;0
145264;0
145100;0
89153;0
85937;0
101265;0
95333;0
95811;0
86394;0
87893;0
87360;0
18036;0
145370;0
141359;0
145035;0
140132;0
19460;0
130742;0
89908;0
35640;0
126544;0
87824;0
92827;0
100109;0
95130;0
140379;0
102799;0
103077;0
94072;0
35223;0
101583;0
132370;0
24486;0
145099;0
89165;0
38545;0
133352;0
85973;0
19431;0
146521;0
142712;0
141328;0
141958;0
142013;0
96373;0
133810;0
36457;0
19354;0
101922;0
19353;0
95144;0
145329;0
103107;0
102833;0
125351;0
37400;0
103098;0
129671;0
88789;0
89708;0
130404;0
24147;0
21138;0
102749;0
101411;0
20394;0
100461;0
37988;0
86467;0
20399;0
101988;0
102932;0
93530;0
141289;0
85703;0
138161;0
101987;0
34472;0
16934;0
95538;0
54172;0
39603;0
99731;0
93934;0
16787;0
102947;0
36013;0
16784;0
99462;0
142127;0
102888;0
140640;0
130997;0
53127;0
21121;0
18121;0
102742;0
146195;0
100322;0
106353;0
145851;0
92922;0
142626;0
89532;0
16771;0
101400;0
102949;0
85730;0
141049;0
88569;0
99444;0
106219;0
87958;0
20253;0
94550;0
20419;0
36062;0
89666;0
14830;0
38066;0
124650;0
38109;0
18170;0
142598;0
106259;0
140758;0
40642;0
140809;0
19576;0
13430;0
129250;0
106266;0
124662;0
100395;0
102763;0
89635;0
130351;0
95954;0
146029;0
102225;0
142807;0
140776;0
126131;0
102633;0
138135;0
142573;0
106229;0
53471;0
34182;0
140796;0
101730;0
100429;0
140701;0
11306;0
87777;0
94858;0
15665;0
137974;0
87776;0
19183;0
88599;0
93477;0
95468;0
24084;0
140778;0
131385;0
106177;0
89525;0
102740;0
20292;0
87789;0
33906;0
101504;0
140502;0
37235;0
130215;0
89802;0
88529;0
94336;0
101834;0
88807;0
22919;0
106359;0
140531;0
96669;0
22917;0
145692;0
54934;0
125488;0
89791;0
88812;0
95914;0
101492;0
93418;0
92875;0
38296;0
146329;0
34287;0
24334;0
19719;0
138597;0
35830;0
85819;0
145596;0
130160;0
139686;0
100545;0
138571;0
40000;0
140969;0
95037;0
100187;0
89381;0
38302;0
37798;0
18750;0
94750;0
101365;0
94353;0
38685;0
102424;0
19238;0
138421;0
17082;0
37927;0
38245;0
128860;0
146232;0
129298;0
87768;0
96141;0
144809;0
145780;0
142645;0
22852;0
100992;0
86254;0
88562;0
34593;0
38760;0
106364;0
141552;0
96503;0
145825;0
92980;0
142969;0
125549;0
124482;0
102653;0
130467;0
102878;0
18106;0
142772;0
95624;0
139745;0
106397;0
35923;0
101480;0
93373;0
140585;0
88059;0
125520;0
16699;0
137942;0
128870;0
99781;0
38742;0
145755;0
86152;0
92987;0
139759;0
93413;0
22602;0
129548;0
145769;0
133118;0
131608;0
137334;0
28901;0
114475;0
134153;0
83370;0
71499;0
31588;0
103289;0
104431;0
84395;0
105995;0
74890;0
82593;0
74884;0
104188;0
104333;0
91878;0
30132;0
103904;0
105369;0
137743;0
104195;0
104741;0
105994;0
25106;0
92188;0
104184;0
27422;0
90741;0
104936;0
103767;0
137777;0
92113;0
98271;0
27976;0
104030;0
30116;0
105942;0
103444;0
92356;0
28967;0
92661;0
103838;0
105397;0
24931;0
29285;0
73748;0
103316;0
29062;0
147133;0
18463;0
29291;0
104005;0
103207;0
105400;0
71156;0
81703;0
91152;0
136844;0
137565;0
18532;0
25594;0
135986;0
91964;0
135347;0
137080;0
83166;0
91756;0
90875;0
98900;0
91211;0
90510;0
71216;0
104557;0
131234;0
90326;0
103920;0
90535;0
105573;0
82273;0
60169;0
28192;0
104371;0
26690;0
92011;0
27448;0
92379;0
104101;0
71594;0
103297;0
137077;0
90555;0
31093;0
71588;0
92060;0
83499;0
133991;0
29116;0
26028;0
96965;0
90451;0
83487;0
103228;0
29826;0
26619;0
28490;0
104404;0
90637;0
91559;0
149005;0
104106;0
92413;0
103971;0
25045;0
91557;0
75247;0
91503;0
90776;0
103778;0
105318;0
26495;0
137355;0
135496;0
90362;0
105771;0
93652;0
147065;0
83593;0
92484;0
84333;0
29038;0
90848;0
83351;0
83609;0
97169;0
90397;0
98968;0
134659;0
91864;0
103646;0
136084;0
72472;0
97064;0
136277;0
75359;0
31514;0
73246;0
105941;0
104718;0
135397;0
104540;0
136721;0
148475;0
25886;0
137809;0
75102;0
98637;0
26954;0
137524;0
98800;0
90847;0
90228;0
25372;0
26988;0
70785;0
90141;0
71194;0
90360;0
103268;0
30665;0
97156;0
75684;0
72135;0
104055;0
137159;0
137766;0
137559;0
91910;0
148920;0
105607;0
91909;0
74060;0
104505;0
74061;0
102240;0
90701;0
31018;0
137663;0
103929;0
28571;0
91253;0
104783;0
105450;0
30200;0
105087;0
92347;0
98459;0
141639;0
105231;0
90702;0
96932;0
103379;0
105606;0
83751;0
104843;0
105056;0
29946;0
104126;0
71528;0
104235;0
104045;0
137390;0
104019;0
27393;0
103178;0
103398;0
104036;0
105686;0
26271;0
71555;0
116811;0
91706;0
148274;0
74138;0
92052;0
70871;0
26746;0
96802;0
148348;0
90975;0
74266;0
70910;0
104232;0
30958;0
70907;0
105697;0
149104;0
25228;0
146754;0
103750;0
91688;0
148922;0
71865;0
97425;0
104222;0
73963;0
90303;0
83994;0
104238;0
28866;0
146898;0
147012;0
103264;0
121568;0
105018;0
73871;0
148700;0
70897;0
92455;0
71796;0
91936;0
84219;0
104000;0
134784;0
74532;0
104511;0
73771;0
71563;0
90669;0
90073;0
26898;0
149128;0
97788;0
81201;0
91482;0
82063;0
84002;0
104130;0
27885;0
29339;0
99053;0
104212;0
26273;0
92715;0
91007;0
103755;0
74478;0
92103;0
97095;0
103617;0
91345;0
71520;0
90488;0
74448;0
74479;0
103421;0
105785;0
74501;0
74473;0
25284;0
82756;0
105090;0
105093;0
70688;0
130113;0
129317;0
13604;0
103445;0
37266;0
43200;0
84784;0
70751;0
84781;0
84986;0
117787;0
84915;0
82516;0
85157;0
139616;0
142458;0
55071;0
142789;0
142512;0
133430;0
54896;0
52014;0
44595;0
142768;0
52216;0
134275;0
53807;0
42952;0
60258;0
52676;0
135142;0
136987;0
141085;0
98207;0
133021;0
102408;0
102034;0
137788;0
101764;0
100816;0
55255;0
106065;0
58678;0
55075;0
15522;0
133280;0
54703;0
42024;0
54714;0
151224;0
123945;0
112005;0
117077;0
107686;0
149031;0
122611;0
150309;0
150348;0
151204;0
143942;0
150325;0
150308;0
144787;0
117050;0
150312;0
119743;0
147648;0
143752;0
147674;0
144596;0
151346;0
115892;0
148781;0
148499;0
150130;0
150132;0
144614;0
143416;0
122849;0
143657;0
119292;0
108119;0
149372;0
148495;0
144640;0
150150;0
113336;0
143413;0
150164;0
150118;0
150113;0
146964;0
122988;0
150070;0
143768;0
108779;0
143432;0
144552;0
146203;0
144141;0
115945;0
149092;0
151367;0
111795;0
144564;0
108774;0
143429;0
117774;0
150079;0
150080;0
148769;0
150091;0
150093;0
151323;0
116904;0
144656;0
151275;0
146943;0
144720;0
144722;0
149060;0
150257;0
146947;0
143925;0
143926;0
150270;0
144734;0
149070;0
151265;0
119640;0
144749;0
144752;0
149635;0
144765;0
144105;0
144770;0
148265;0
111942;0
147616;0
151292;0
147631;0
151314;0
150176;0
107886;0
149268;0
149382;0
150182;0
151308;0
123995;0
150352;0
144673;0
119428;0
150196;0
144685;0
148242;0
146063;0
147643;0
149649;0
117692;0
151294;0
151200;0
122261;0
149622;0
150926;0
115007;0
150949;0
112713;0
150946;0
147334;0
108648;0
112712;0
144010;0
150622;0
148896;0
147156;0
112685;0
147159;0
150875;0
117482;0
150923;0
120744;0
112432;0
150645;0
148380;0
149292;0
145487;0
143334;0
150896;0
112448;0
114918;0
117484;0
112721;0
143341;0
108089;0
120443;0
150573;0
149484;0
145616;0
117552;0
143991;0
147358;0
150580;0
150980;0
148883;0
112761;0
112758;0
147127;0
115136;0
108139;0
112743;0
121721;0
117549;0
112348;0
145566;0
110260;0
149486;0
150967;0
145555;0
112387;0
150665;0
120834;0
148452;0
121052;0
144035;0
150785;0
121155;0
117375;0
149534;0
150783;0
150778;0
143313;0
121127;0
150767;0
145251;0
112581;0
117384;0
114868;0
117411;0
148929;0
149546;0
121103;0
150737;0
143311;0
121099;0
150755;0
143308;0
145278;0
150751;0
121100;0
117365;0
150803;0
112596;0
150725;0
149575;0
149570;0
143294;0
149523;0
147201;0
148939;0
121344;0
144028;0
149531;0
148363;0
121291;0
114778;0
147209;0
144050;0
117442;0
121286;0
121281;0
145215;0
148355;0
145216;0
143694;0
145355;0
120978;0
143303;0
150719;0
112778;0
120397;0
145624;0
150459;0
108273;0
149612;0
150449;0
144884;0
149427;0
122323;0
150456;0
120026;0
149605;0
112194;0
147460;0
151129;0
150460;0
151000;0
151128;0
144904;0
150465;0
151127;0
117617;0
149429;0
145787;0
144924;0
149430;0
123883;0
113474;0
107117;0
144874;0
122368;0
150432;0
144868;0
150364;0
144094;0
113031;0
150370;0
122597;0
149618;0
144824;0
143955;0
151192;0
113000;0
144833;0
147501;0
151181;0
149220;0
151177;0
148440;0
119903;0
110587;0
149406;0
147016;0
151167;0
151165;0
122433;0
144866;0
144867;0
144933;0
143679;0
150479;0
144999;0
112268;0
151061;0
151053;0
149587;0
147401;0
148413;0
151042;0
120321;0
151037;0
123808;0
121913;0
112798;0
150555;0
150559;0
145020;0
148000;0
145024;0
149450;0
148115;0
148984;0
112317;0
112319;0
148396;0
149586;0
151001;0
145687;0
123830;0
120113;0
117195;0
112239;0
120124;0
148421;0
151102;0
143732;0
150514;0
108101;0
150521;0
151085;0
151081;0
144961;0
117593;0
117159;0
144972;0
144973;0
150524;0
145709;0
150526;0
150530;0
112824;0
117182;0
122161;0
139283;0
122134;0
122105;0
123020;0
150746;0
113569;0
144451;0
118845;0
144292;0
118633;0
151385;0
124107;0
144505;0
148534;0
111012;0
111373;0
151769;0
149778;0
149107;0
149155;0
144452;0
146727;0
149885;0
151449;0
123099;0
151766;0
147839;0
151388;0
143814;0
143772;0
111098;0
143803;0
147798;0
146295;0
143852;0
107889;0
144476;0
148597;0
144479;0
144329;0
148561;0
143446;0
151649;0
146246;0
109886;0
148545;0
149922;0
149710;0
146583;0
118196;0
108828;0
149956;0
148624;0
144189;0
111248;0
149184;0
117973;0
151520;0
111210;0
143828;0
143515;0
144490;0
144154;0
110460;0
147857;0
147837;0
148618;0
143477;0
143598;0
144395;0
143630;0
149935;0
144485;0
108443;0
144399;0
111018;0
144426;0
146491;0
151478;0
147803;0
151389;0
